{
  "Ansi 5 Color" : {
    "Green Component" : 0.60392159223556519,
    "Red Component" : 0.67450982332229614,
    "Blue Component" : 0.85882353782653809
  },
  "Tags" : [

  ],
  "Ansi 12 Color" : {
    "Green Component" : 0.3333333432674408,
    "Red Component" : 0.3333333432674408,
    "Blue Component" : 1
  },
  "Link Color" : {
    "Red Component" : 0,
    "Color Space" : "sRGB",
    "Blue Component" : 0.73423302173614502,
    "Alpha Component" : 1,
    "Green Component" : 0.35916060209274292
  },
  "Ansi 7 Color" : {
    "Green Component" : 0.73333334922790527,
    "Red Component" : 0.73333334922790527,
    "Blue Component" : 0.73333334922790527
  },
  "Bold Color" : {
    "Green Component" : 0.64705884456634521,
    "Red Component" : 0.48235294222831726,
    "Blue Component" : 0.85098040103912354
  },
  "AWDS Tab Directory" : "",
  "Ansi 9 Color" : {
    "Green Component" : 0.3333333432674408,
    "Red Component" : 1,
    "Blue Component" : 0.3333333432674408
  },
  "Ansi 8 Color" : {
    "Green Component" : 0.33333333333333331,
    "Red Component" : 0.33333333333333331,
    "Blue Component" : 0.33333333333333331
  },
  "Rows" : 25,
  "Default Bookmark" : "No",
  "Guid" : "6617598C-75D6-4DF2-B624-4E0B42B5E8D9",
  "Blend" : 0.47021585051546405,
  "AWDS Tab Option" : "No",
  "Cursor Guide Color" : {
    "Red Component" : 0.70213186740875244,
    "Color Space" : "sRGB",
    "Blue Component" : 1,
    "Alpha Component" : 0.25,
    "Green Component" : 0.9268307089805603
  },
  "Non-ASCII Anti Aliased" : true,
  "Use Bright Bold" : true,
  "Ansi 10 Color" : {
    "Green Component" : 1,
    "Red Component" : 0.3333333432674408,
    "Blue Component" : 0.3333333432674408
  },
  "Ambiguous Double Width" : false,
  "AWDS Pane Option" : "No",
  "Jobs to Ignore" : [
    "rlogin",
    "ssh",
    "slogin",
    "telnet"
  ],
  "Ansi 15 Color" : {
    "Green Component" : 1,
    "Red Component" : 1,
    "Blue Component" : 1
  },
  "Foreground Color" : {
    "Green Component" : 0.78431373834609985,
    "Red Component" : 0.78039216995239258,
    "Blue Component" : 0.78823530673980713
  },
  "Working Directory" : "\/Users\/eddy",
  "Blinking Cursor" : false,
  "AWDS Window Option" : "No",
  "Sync Title" : false,
  "Prompt Before Closing 2" : false,
  "BM Growl" : true,
  "Command" : "",
  "Description" : "Default",
  "AWDS Pane Directory" : "",
  "Disable Window Resizing" : true,
  "Screen" : -1,
  "Selection Color" : {
    "Green Component" : 0.0037887054495513439,
    "Red Component" : 0.10134787112474442,
    "Blue Component" : 0.1989070326089859
  },
  "Mouse Reporting" : true,
  "AWDS Window Directory" : "",
  "Columns" : 80,
  "Idle Code" : 0,
  "Background Image Mode" : 2,
  "Ansi 13 Color" : {
    "Green Component" : 0.3333333432674408,
    "Red Component" : 1,
    "Blue Component" : 1
  },
  "Custom Command" : "No",
  "ASCII Anti Aliased" : true,
  "Non Ascii Font" : "Monaco 12",
  "Vertical Spacing" : 1,
  "Use Bold Font" : true,
  "Option Key Sends" : 0,
  "Selected Text Color" : {
    "Green Component" : 0.65098041296005249,
    "Red Component" : 0.45882353186607361,
    "Blue Component" : 0.84705883264541626
  },
  "Background Color" : {
    "Green Component" : 0.071581222116947174,
    "Red Component" : 0.069047316908836365,
    "Blue Component" : 0.091177865862846375
  },
  "Character Encoding" : 4,
  "Ansi 11 Color" : {
    "Green Component" : 1,
    "Red Component" : 1,
    "Blue Component" : 0.3333333432674408
  },
  "Use Italic Font" : true,
  "Unlimited Scrollback" : true,
  "Keyboard Map" : {
    "0xf700-0x260000" : {
      "Text" : "[1;6A",
      "Action" : 10
    },
    "0x37-0x40000" : {
      "Text" : "0x1f",
      "Action" : 11
    },
    "0x32-0x40000" : {
      "Text" : "0x00",
      "Action" : 11
    },
    "0xf709-0x20000" : {
      "Text" : "[17;2~",
      "Action" : 10
    },
    "0xf70c-0x20000" : {
      "Text" : "[20;2~",
      "Action" : 10
    },
    "0xf729-0x20000" : {
      "Text" : "[1;2H",
      "Action" : 10
    },
    "0xf72b-0x40000" : {
      "Text" : "[1;5F",
      "Action" : 10
    },
    "0xf705-0x20000" : {
      "Text" : "[1;2Q",
      "Action" : 10
    },
    "0xf703-0x260000" : {
      "Text" : "[1;6C",
      "Action" : 10
    },
    "0xf700-0x220000" : {
      "Text" : "[1;2A",
      "Action" : 10
    },
    "0xf701-0x280000" : {
      "Text" : "0x1b 0x1b 0x5b 0x42",
      "Action" : 11
    },
    "0x38-0x40000" : {
      "Text" : "0x7f",
      "Action" : 11
    },
    "0x33-0x40000" : {
      "Text" : "0x1b",
      "Action" : 11
    },
    "0xf703-0x220000" : {
      "Text" : "[1;2C",
      "Action" : 10
    },
    "0xf701-0x240000" : {
      "Text" : "[1;5B",
      "Action" : 10
    },
    "0xf70d-0x20000" : {
      "Text" : "[21;2~",
      "Action" : 10
    },
    "0xf702-0x260000" : {
      "Text" : "[1;6D",
      "Action" : 10
    },
    "0xf729-0x40000" : {
      "Text" : "[1;5H",
      "Action" : 10
    },
    "0xf706-0x20000" : {
      "Text" : "[1;2R",
      "Action" : 10
    },
    "0x34-0x40000" : {
      "Text" : "0x1c",
      "Action" : 11
    },
    "0xf700-0x280000" : {
      "Text" : "0x1b 0x1b 0x5b 0x41",
      "Action" : 11
    },
    "0x2d-0x40000" : {
      "Text" : "0x1f",
      "Action" : 11
    },
    "0xf70e-0x20000" : {
      "Text" : "[23;2~",
      "Action" : 10
    },
    "0xf702-0x220000" : {
      "Text" : "[1;2D",
      "Action" : 10
    },
    "0xf703-0x280000" : {
      "Text" : "0x1b 0x1b 0x5b 0x43",
      "Action" : 11
    },
    "0xf700-0x240000" : {
      "Text" : "[1;5A",
      "Action" : 10
    },
    "0xf707-0x20000" : {
      "Text" : "[1;2S",
      "Action" : 10
    },
    "0xf70a-0x20000" : {
      "Text" : "[18;2~",
      "Action" : 10
    },
    "0x35-0x40000" : {
      "Text" : "0x1d",
      "Action" : 11
    },
    "0xf70f-0x20000" : {
      "Text" : "[24;2~",
      "Action" : 10
    },
    "0xf703-0x240000" : {
      "Text" : "[1;5C",
      "Action" : 10
    },
    "0xf701-0x260000" : {
      "Text" : "[1;6B",
      "Action" : 10
    },
    "0xf702-0x280000" : {
      "Text" : "0x1b 0x1b 0x5b 0x44",
      "Action" : 11
    },
    "0xf72b-0x20000" : {
      "Text" : "[1;2F",
      "Action" : 10
    },
    "0x36-0x40000" : {
      "Text" : "0x1e",
      "Action" : 11
    },
    "0xf708-0x20000" : {
      "Text" : "[15;2~",
      "Action" : 10
    },
    "0xf701-0x220000" : {
      "Text" : "[1;2B",
      "Action" : 10
    },
    "0xf70b-0x20000" : {
      "Text" : "[19;2~",
      "Action" : 10
    },
    "0xf702-0x240000" : {
      "Text" : "[1;5D",
      "Action" : 10
    },
    "0xf704-0x20000" : {
      "Text" : "[1;2P",
      "Action" : 10
    }
  },
  "Window Type" : 0,
  "Background Image Location" : "\/Users\/eddy\/Pictures\/OxLzCgb.jpg",
  "Blur" : false,
  "Badge Color" : {
    "Red Component" : 1,
    "Color Space" : "sRGB",
    "Blue Component" : 0,
    "Alpha Component" : 0.5,
    "Green Component" : 0.1491314172744751
  },
  "Scrollback Lines" : 0,
  "Send Code When Idle" : false,
  "Close Sessions On End" : true,
  "Terminal Type" : "xterm-256color",
  "Visual Bell" : true,
  "Flashing Bell" : false,
  "Silence Bell" : false,
  "Ansi 14 Color" : {
    "Green Component" : 1,
    "Red Component" : 0.3333333432674408,
    "Blue Component" : 1
  },
  "Cursor Text Color" : {
    "Green Component" : 1,
    "Red Component" : 1,
    "Blue Component" : 1
  },
  "Name" : "Default",
  "Minimum Contrast" : 0.46002752130681818,
  "Shortcut" : "",
  "Cursor Color" : {
    "Green Component" : 0.73333334922790527,
    "Red Component" : 0.73333334922790527,
    "Blue Component" : 0.73333334922790527
  },
  "Transparency" : 0,
  "Ansi 1 Color" : {
    "Green Component" : 0.47450980544090271,
    "Red Component" : 0.87450981140136719,
    "Blue Component" : 0.48627451062202454
  },
  "Horizontal Spacing" : 0.90000000000000002,
  "Ansi 3 Color" : {
    "Green Component" : 0.66274511814117432,
    "Red Component" : 0.94509804248809814,